{"title": "Swipe Konnect Neo 4G (512 MB, 4 GB, Black)", "price": "Rs.1999", "image_urls": ["https://cdn.shopclues.com/images/thumbnails/78276/280/1/101876702KonnectNEO4GMainImage1500026038.jpg"], "discount": "54% Off", "images": [{"url": "https://cdn.shopclues.com/images/thumbnails/78276/280/1/101876702KonnectNEO4GMainImage1500026038.jpg", "path": "full/d8e787b2d6e088624f39ebdf5ccfa7cdab6ae67e.jpg", "checksum": "3fd91ae96e4cece57fd35311154a0dd0"}]}
{"title": "Micromax Canvas 5 481-(6 months Brand Warranty)", "price": "Rs.10300", "image_urls": ["https://cdn.shopclues.com/images/thumbnails/40359/280/1/89300690E481144809547614570947351467303149.jpg"], "discount": "10% Off", "images": [{"url": "https://cdn.shopclues.com/images/thumbnails/40359/280/1/89300690E481144809547614570947351467303149.jpg", "path": "full/e0d04b804b13ac46a1ae0a317f4a26cec94a18cb.jpg", "checksum": "82c9565348c0c57424e541aef67a8e62"}]}
{"title": "Micromax Yureka Grey - (6 Months Brand Warranty)", "price": "Rs.5799", "image_urls": ["https://cdn.shopclues.com/images/thumbnails/30889/280/1/871003508130992811439210548143927407014540458081492764824.jpg"], "discount": "17% Off", "images": [{"url": "https://cdn.shopclues.com/images/thumbnails/30889/280/1/871003508130992811439210548143927407014540458081492764824.jpg", "path": "full/0805d02da8d168ce333a8b6c67c82c71251030a9.jpg", "checksum": "a6c1c3ad3566eb4b2b0ddf64f328964f"}]}
{"title": "Moto X Play 32GB  - (6 Months Gadgetwood Warranty)", "price": "Rs.9100", "image_urls": ["https://cdn.shopclues.com/images/thumbnails/42625/280/1/motoxplay1000dpdx9fnm1492174971.jpg"], "discount": "35% Off", "images": [{"url": "https://cdn.shopclues.com/images/thumbnails/42625/280/1/motoxplay1000dpdx9fnm1492174971.jpg", "path": "full/991cf9d46772400b82b2ba9cd5e47d641cf0391b.jpg", "checksum": "8a14ca074421e883e8bfa432c2716140"}]}
{"title": "Moto G plus 4th Gen 32GB - (6 Months seller Warranty)", "price": "Rs.11199", "image_urls": ["https://cdn.shopclues.com/images/thumbnails/42834/280/1/96997230G4Plus1493192149.jpg"], "discount": "30% Off", "images": [{"url": "https://cdn.shopclues.com/images/thumbnails/42834/280/1/96997230G4Plus1493192149.jpg", "path": "full/b6dca1bba0567ad4cb5880e52ebf7e375ad5a0a2.jpg", "checksum": "11b4b761568a61b3ec9886afd00aec43"}]}
{"title": "Moto X Play(With Turbo Charger) 16GB - (6 Months Gadgetwood Warranty)", "price": "Rs.8300", "image_urls": ["https://cdn.shopclues.com/images/thumbnails/43194/280/1/REFURBISHEDMotorolaMotoXPlaySDL61703559614d2161492176387.jpg"], "discount": "36% Off", "images": [{"url": "https://cdn.shopclues.com/images/thumbnails/43194/280/1/REFURBISHEDMotorolaMotoXPlaySDL61703559614d2161492176387.jpg", "path": "full/14e340e30ec2cbe2fe3e442dee8d2b0a98bb47dd.jpg", "checksum": "39cd1599521951123136efac0b28de5e"}]}
{"title": "Micromax pulse 4g E451 - (6 Months Brand Warranty)", "price": "Rs.7999", "image_urls": ["https://cdn.shopclues.com/images/thumbnails/42340/280/1/micromaxcanvaspulse4g14522509141470382710.jpg"], "discount": "20% Off", "images": [{"url": "https://cdn.shopclues.com/images/thumbnails/42340/280/1/micromaxcanvaspulse4g14522509141470382710.jpg", "path": "full/ea182fae8e57409b7823bc95a913bbf4119b5f11.jpg", "checksum": "83ffe3f1a2ca37f2bca7fab4381ca291"}]}
{"title": "Panasonic Eluga i2 (2 GB, 16 GB, Grey)", "price": "Rs.6299", "image_urls": ["https://cdn.shopclues.com/images/thumbnails/39289/280/1/94481600panasonicelugai2eb90s5oey2400x400imaeb79hzkt3gjpe14642585611466246360.jpg"], "discount": "33% Off", "images": [{"url": "https://cdn.shopclues.com/images/thumbnails/39289/280/1/94481600panasonicelugai2eb90s5oey2400x400imaeb79hzkt3gjpe14642585611466246360.jpg", "path": "full/16248a1f1c90c73fed32d9b8d30b60e8aef9e995.jpg", "checksum": "7eb931c461e0e9e328661af6e748e7a2"}]}
{"title": "Xiaomi Redmi Note 3 16GB (2GB RAM) - (6 months Seller Warranty)", "price": "Rs.9199", "image_urls": ["https://cdn.shopclues.com/images/thumbnails/43826/280/1/Xiaomi1488262506.jpg"], "discount": "8% Off", "images": [{"url": "https://cdn.shopclues.com/images/thumbnails/43826/280/1/Xiaomi1488262506.jpg", "path": "full/53ea87058984b25fbdd9b86a7a5422d3bd594fcb.jpg", "checksum": "06557b57045e12a0c4b732da92d346ab"}]}
{"title": "Micromax Canvas Sliver 5 (2 GB,8 GB,Black)", "price": "Rs.17999", "image_urls": ["https://cdn.shopclues.com/images/thumbnails/78470/280/1/8437361631UkY1SPZL1500297237.jpg"], "discount": "5% Off", "images": [{"url": "https://cdn.shopclues.com/images/thumbnails/78470/280/1/8437361631UkY1SPZL1500297237.jpg", "path": "full/b7d1127114f48a1077fbe4f941fbefa7185ee78c.jpg", "checksum": "8d54da844d7fcf057769cf944041d18a"}]}
{"title": "Micromax Nitro 4G E455-(6 months Brand Warranty)", "price": "Rs.12499", "image_urls": ["https://cdn.shopclues.com/images/thumbnails/40359/280/1/NIT4G514402293511467303124.png"], "discount": "31% Off", "images": [{"url": "https://cdn.shopclues.com/images/thumbnails/40359/280/1/NIT4G514402293511467303124.png", "path": "full/ff10e5e12b1378bbe10bb0b460c1e7a45ef3b898.jpg", "checksum": "4f7125797712d218445616dfd17884c1"}]}
